color_name,channel1,channel2,channel3,channel4,channel5,channel6,channel7,channel8,channel9,channel10
red,97,239,347,324,440,880,1315,987,2535,566
red,97,239,347,324,441,880,1316,989,2536,565
red,97,240,347,324,440,880,1316,989,2536,564
red,97,240,347,325,440,880,1316,988,2535,564
red,97,239,347,324,439,880,1315,988,2536,564
red,97,240,347,324,439,881,1315,988,2535,564
red,97,240,347,324,440,880,1315,987,2535,564
red,97,240,347,324,439,881,1317,988,2539,566
red,97,240,347,325,441,882,1318,990,2543,568
red,98,241,349,326,442,884,1322,996,2552,574
red,99,241,349,328,445,888,1329,1001,2565,582
red,101,244,353,333,451,897,1341,1014,2596,602
red,104,248,357,338,457,906,1354,1029,2629,622
red,105,249,359,342,459,910,1361,1038,2651,634
red,107,251,362,345,463,916,1369,1047,2668,646
red,108,253,363,347,464,917,1370,1049,2672,648
red,108,253,364,347,464,918,1371,1050,2674,650
red,108,253,364,348,464,918,1372,1051,2675,650
red,108,253,364,348,465,918,1373,1050,2677,652
red,108,253,364,347,465,918,1372,1052,2677,652
red,108,253,364,348,465,918,1372,1051,2678,654
red,108,253,364,348,465,918,1372,1051,2677,652
red,108,253,364,348,464,918,1372,1051,2678,652
red,108,253,364,348,465,918,1372,1051,2675,652
red,108,253,364,348,464,918,1371,1050,2677,652
red,108,253,364,348,465,918,1371,1050,2677,652
red,108,253,364,347,465,918,1372,1051,2677,652
red,108,253,364,347,465,918,1372,1051,2678,652
red,108,253,364,348,465,918,1373,1052,2677,652
red,108,253,364,348,465,918,1373,1051,2680,654
red,109,253,365,348,465,919,1374,1052,2680,654
red,109,253,364,348,466,920,1374,1053,2681,654
red,109,253,365,349,466,920,1375,1054,2682,656
red,109,254,365,349,466,921,1376,1055,2686,656
red,109,254,365,350,467,922,1377,1055,2686,656
red,109,254,365,350,467,922,1377,1056,2687,656
red,109,254,365,349,467,921,1377,1056,2687,658
red,109,254,366,350,467,921,1376,1056,2685,656
red,109,254,366,350,467,921,1376,1056,2686,658
red,109,254,365,349,467,921,1376,1056,2685,658
red,109,254,365,350,467,921,1376,1056,2686,656
red,109,254,365,350,467,921,1376,1055,2685,658
red,109,254,365,350,467,921,1376,1056,2686,658
red,109,254,365,350,467,921,1376,1056,2688,660
red,109,254,366,350,467,921,1378,1058,2689,660
red,110,254,366,350,468,921,1378,1057,2688,660
red,109,254,366,350,468,922,1378,1058,2690,660
red,110,254,366,351,468,923,1379,1059,2691,662
red,110,254,366,351,468,923,1380,1058,2692,662
red,110,255,366,351,468,922,1378,1059,2691,662
red,110,255,366,351,468,923,1379,1060,2693,662
red,110,255,367,351,469,923,1379,1060,2693,662
red,110,255,367,351,469,923,1379,1060,2694,662
red,110,255,367,351,469,923,1380,1060,2693,664
red,110,255,367,351,469,923,1380,1060,2694,664
red,110,255,367,351,469,923,1380,1060,2694,664
red,110,255,367,351,469,924,1381,1060,2694,664
red,110,255,367,351,469,923,1381,1060,2696,664
red,110,255,367,352,469,924,1381,1061,2697,664
red,110,255,367,352,469,924,1381,1061,2695,664
red,110,255,367,352,469,924,1381,1061,2697,664
red,110,255,367,352,470,923,1381,1061,2698,664
red,110,255,367,352,470,924,1381,1061,2696,664
red,110,255,367,352,469,924,1381,1060,2695,664
red,110,255,367,351,469,923,1381,1060,2696,664
red,110,255,367,351,469,924,1381,1060,2694,664
red,110,255,367,351,469,923,1380,1060,2694,662
red,110,255,367,351,469,923,1380,1060,2695,662
red,110,255,367,352,469,924,1382,1061,2696,662
red,110,255,367,351,470,925,1382,1061,2696,664
red,110,255,367,352,469,925,1381,1061,2697,664
red,110,255,367,352,469,924,1381,1061,2695,664
red,110,255,367,352,469,924,1381,1061,2697,664
red,110,255,367,352,469,924,1382,1061,2695,664
red,110,255,367,352,469,924,1380,1060,2694,664
red,110,255,367,352,469,924,1382,1061,2697,662
red,110,255,367,352,469,924,1382,1061,2696,662
red,110,255,367,352,469,924,1381,1060,2697,662
red,110,255,367,351,469,925,1381,1060,2694,662
red,110,255,367,352,469,923,1380,1060,2694,660
red,110,255,367,351,468,924,1380,1059,2692,660
red,110,255,367,351,468,923,1379,1058,2691,660
red,110,255,366,351,468,923,1379,1058,2690,658
red,109,255,366,350,468,922,1379,1058,2690,660
red,109,255,366,351,468,923,1380,1058,2691,660
red,110,255,366,351,468,923,1379,1058,2689,660
red,109,254,366,351,468,923,1379,1057,2691,660
red,109,255,366,350,468,922,1379,1058,2692,660
red,109,255,366,351,468,922,1379,1058,2693,662
red,110,255,366,350,468,922,1378,1058,2692,662
red,109,254,366,350,467,922,1378,1058,2693,660
red,109,254,366,350,468,921,1378,1057,2692,662
red,109,254,366,350,467,921,1377,1056,2690,660
red,109,254,366,349,467,920,1375,1055,2688,660
red,109,254,365,349,467,921,1376,1055,2686,658
red,109,254,365,349,466,920,1375,1054,2684,656
red,109,253,365,348,465,919,1373,1052,2681,654
red,108,253,364,348,465,917,1370,1049,2675,650
red,108,252,363,346,463,916,1368,1047,2670,646
red,95,233,334,310,425,888,1291,963,2484,557
red,95,233,334,310,426,888,1292,963,2485,556
red,95,233,335,311,426,889,1291,963,2485,558
red,95,233,335,311,427,889,1293,964,2487,559
red,95,234,335,311,426,889,1293,963,2487,558
red,95,233,335,311,426,889,1294,964,2488,558
red,95,233,335,311,426,889,1293,965,2489,558
red,95,234,334,311,427,890,1293,965,2489,558
red,95,233,335,311,427,889,1293,964,2489,558
red,95,233,335,311,426,889,1292,964,2489,558
red,95,233,334,311,426,888,1293,964,2488,558
red,95,233,335,311,425,889,1292,964,2487,558
red,95,233,335,311,426,888,1291,963,2487,558
red,95,233,334,311,426,888,1292,964,2487,556
red,95,233,335,311,426,888,1291,963,2485,556
red,95,233,334,311,426,888,1291,963,2484,556
red,95,233,335,311,425,888,1291,963,2484,557
red,95,233,335,311,426,888,1291,962,2484,557
red,95,233,334,311,426,888,1291,963,2484,558
red,95,233,335,310,425,888,1292,962,2484,556
red,95,233,334,311,425,887,1291,963,2484,556
red,95,233,334,311,425,888,1292,962,2484,556
red,95,233,335,311,426,888,1291,963,2485,556
red,95,233,335,311,425,888,1291,963,2486,557
red,95,233,335,311,426,888,1292,964,2486,558
red,94,233,335,311,426,890,1292,964,2488,559
red,94,233,335,311,426,890,1292,964,2486,558
red,95,233,335,311,426,889,1293,964,2487,557
red,95,234,335,311,427,890,1293,965,2489,558
red,95,233,335,311,426,889,1293,964,2489,558
red,95,234,335,312,427,889,1294,964,2487,559
red,95,233,335,311,427,889,1294,965,2488,558
red,95,234,335,311,427,890,1293,965,2489,558
red,95,234,335,311,427,889,1293,965,2488,558
red,95,234,335,311,426,889,1293,964,2489,558
red,95,233,335,311,427,889,1293,964,2488,558
red,95,233,335,311,427,888,1293,964,2490,560
red,95,233,335,311,427,889,1293,964,2490,560
red,95,234,335,312,427,890,1294,966,2492,560
red,95,234,335,312,428,891,1296,967,2494,562
red,95,234,335,312,427,891,1296,968,2495,562
red,95,234,336,312,429,892,1297,969,2497,564
red,96,235,336,313,429,893,1300,972,2504,566
red,96,235,338,314,430,896,1303,975,2513,570
red,97,236,338,316,433,899,1308,981,2523,578
red,98,238,341,318,436,904,1317,990,2547,590
red,100,239,343,322,439,909,1325,1000,2567,604
red,101,242,345,325,442,915,1332,1008,2587,616
red,102,242,347,327,444,916,1336,1011,2595,622
red,103,244,348,329,446,919,1340,1016,2606,628
red,104,245,350,331,448,924,1344,1021,2616,636
red,105,245,351,333,450,926,1348,1025,2624,640
red,106,246,351,335,451,927,1349,1026,2629,644
red,106,247,352,335,452,928,1351,1029,2633,648
red,106,247,353,336,453,930,1353,1031,2637,650
red,107,248,354,337,454,931,1356,1033,2644,654
red,107,249,354,338,454,932,1357,1035,2647,656
red,108,249,355,338,455,933,1357,1036,2648,656
red,108,249,355,339,456,933,1358,1036,2647,656
red,108,248,355,339,455,933,1359,1037,2647,654
red,108,248,355,339,456,934,1359,1038,2647,654
red,108,249,356,340,457,936,1362,1041,2650,656
red,108,250,357,341,458,937,1363,1042,2652,658
red,109,250,357,341,458,937,1364,1042,2654,658
red,109,250,357,341,458,937,1364,1042,2654,656
red,109,250,356,341,458,936,1362,1042,2649,656
red,109,250,356,341,457,936,1362,1040,2646,652
red,108,250,356,341,457,935,1360,1039,2642,650
red,108,249,356,339,457,934,1358,1036,2636,644
red,107,249,355,339,455,932,1355,1033,2632,642
red,107,248,355,338,454,931,1354,1031,2625,638
red,107,248,354,338,454,931,1353,1029,2621,634
red,107,248,354,337,453,929,1351,1027,2616,632
red,106,247,353,337,453,929,1351,1027,2616,630
red,107,247,353,337,452,928,1350,1026,2613,630
red,106,247,353,337,452,928,1350,1027,2615,630
red,106,247,353,336,454,929,1352,1027,2616,632
red,107,247,353,337,453,928,1351,1028,2616,632
red,107,247,353,337,453,928,1351,1028,2616,632
red,107,247,353,337,453,929,1352,1028,2617,632
red,107,248,353,337,454,930,1353,1029,2620,636
red,107,248,353,337,454,930,1354,1031,2625,638
red,107,248,354,338,454,931,1355,1032,2630,640
red,107,249,355,338,456,933,1357,1034,2636,644
red,108,249,355,339,456,934,1359,1037,2640,646
red,108,249,356,339,456,934,1360,1037,2641,650
red,108,250,356,340,457,934,1359,1038,2643,650
red,108,249,356,340,457,935,1360,1038,2644,650
red,108,249,356,340,457,935,1361,1039,2646,652
red,108,250,356,340,457,936,1361,1039,2648,652
red,108,250,356,340,457,935,1360,1039,2644,652
red,108,249,356,340,456,935,1360,1038,2644,652
red,108,249,356,340,457,934,1360,1038,2646,652
red,108,249,356,340,456,935,1360,1039,2646,652
red,108,249,356,340,457,934,1361,1039,2646,652
red,108,249,356,340,457,934,1360,1038,2646,652
red,108,249,355,340,456,934,1360,1038,2645,652
red,108,249,356,339,456,934,1360,1038,2643,652
red,108,249,356,339,456,934,1359,1038,2644,650
red,108,249,356,340,456,935,1360,1037,2644,650
green,166,472,992,2040,1816,1294,1138,862,5284,814
green,165,473,991,2040,1817,1292,1137,861,5284,812
green,165,473,990,2039,1816,1291,1137,861,5281,812
green,165,473,991,2039,1816,1292,1136,861,5282,812
green,165,473,991,2040,1815,1292,1136,861,5282,812
green,165,472,990,2038,1815,1291,1136,860,5279,812
green,165,471,989,2038,1814,1291,1136,860,5278,812
green,165,473,990,2038,1815,1292,1136,860,5280,812
green,165,472,990,2038,1815,1291,1136,859,5278,812
green,165,472,990,2038,1814,1291,1135,859,5275,810
green,165,471,989,2038,1814,1291,1136,859,5278,810
green,165,472,990,2037,1814,1291,1136,859,5277,812
green,165,472,990,2038,1814,1290,1136,860,5278,811
green,165,471,989,2037,1814,1290,1135,859,5276,810
green,165,471,991,2038,1814,1290,1135,859,5275,812
green,165,471,989,2038,1814,1290,1135,859,5276,812
green,165,472,990,2037,1814,1291,1136,860,5279,812
green,165,472,990,2038,1815,1291,1135,860,5282,812
green,165,472,990,2039,1813,1290,1135,859,5277,812
green,165,472,990,2038,1815,1291,1135,859,5279,810
green,165,472,990,2037,1814,1290,1135,859,5277,812
green,165,472,990,2038,1814,1290,1135,859,5275,812
green,165,471,989,2038,1813,1290,1134,858,5275,810
green,164,472,987,2036,1814,1290,1135,858,5276,810
green,164,472,989,2036,1813,1290,1134,858,5274,810
green,164,472,990,2037,1812,1289,1134,858,5275,810
green,164,471,989,2037,1813,1288,1133,857,5273,808
green,164,471,987,2034,1810,1287,1132,855,5269,804
green,164,470,987,2033,1806,1284,1127,851,5255,796
green,162,468,983,2027,1802,1277,1120,843,5238,784
green,159,466,980,2021,1795,1272,1115,837,5221,774
green,158,463,977,2015,1790,1265,1108,830,5200,760
green,155,461,973,2006,1781,1258,1100,821,5171,742
green,154,460,971,2003,1778,1256,1098,819,5161,736
green,154,459,969,1998,1774,1254,1095,815,5153,730
green,153,458,967,1995,1770,1250,1090,811,5138,719
green,152,456,965,1991,1770,1250,1090,811,5138,720
green,153,458,967,1994,1775,1255,1096,817,5157,732
green,155,460,969,1999,1776,1256,1097,818,5160,736
green,154,459,968,1998,1776,1256,1096,818,5163,740
green,155,460,971,2000,1779,1259,1099,821,5176,746
green,156,461,971,2003,1780,1261,1101,823,5182,752
green,156,462,972,2005,1782,1262,1102,825,5188,754
green,156,461,972,2005,1783,1263,1103,826,5189,754
green,157,461,973,2006,1782,1262,1103,825,5185,754
green,156,461,972,2004,1781,1261,1102,824,5184,750
green,156,461,972,2003,1779,1259,1100,822,5173,746
green,155,459,970,2001,1777,1257,1098,820,5167,738
green,154,460,970,1999,1777,1258,1098,819,5164,736
green,154,459,969,1999,1774,1254,1095,816,5153,730
green,153,457,968,1996,1774,1253,1094,815,5150,726
green,153,458,968,1996,1776,1254,1095,816,5154,730
green,154,458,969,1998,1778,1256,1095,818,5160,734
green,155,460,970,2000,1780,1259,1099,822,5168,740
green,156,461,973,2007,1788,1266,1108,830,5198,756
green,157,464,976,2013,1791,1268,1110,833,5207,763
green,158,464,978,2015,1794,1270,1113,835,5216,770
green,159,464,979,2019,1797,1274,1117,841,5231,780
green,160,466,981,2022,1800,1276,1120,842,5238,786
green,160,467,982,2023,1801,1278,1121,845,5242,788
green,161,468,983,2026,1805,1281,1124,848,5251,794
green,162,469,985,2029,1806,1283,1126,851,5255,800
green,163,470,987,2033,1810,1287,1130,855,5268,806
green,164,471,988,2036,1813,1290,1134,858,5279,812
green,165,472,990,2037,1813,1291,1135,860,5282,814
green,165,473,991,2039,1816,1292,1136,861,5286,816
green,165,473,992,2040,1816,1293,1138,862,5286,818
green,165,473,991,2042,1816,1294,1139,864,5288,820
green,166,474,991,2042,1818,1294,1140,864,5292,821
green,166,472,992,2041,1818,1294,1140,864,5291,822
green,166,473,991,2042,1818,1295,1140,865,5291,822
green,166,474,991,2042,1818,1294,1140,865,5290,822
green,166,473,992,2042,1818,1294,1139,864,5291,822
green,166,474,992,2042,1817,1295,1140,865,5289,820
green,166,474,993,2043,1817,1295,1140,864,5292,820
green,166,473,992,2042,1818,1294,1139,864,5290,820
green,166,474,992,2042,1818,1294,1140,864,5289,820
green,166,473,991,2041,1819,1296,1141,865,5292,822
green,167,474,992,2043,1820,1296,1141,866,5295,824
green,166,474,993,2044,1821,1297,1142,868,5300,826
green,166,475,994,2045,1821,1297,1143,868,5302,830
green,168,474,994,2045,1822,1299,1144,869,5304,830
green,168,475,995,2046,1821,1298,1144,869,5304,830
green,167,474,994,2045,1823,1299,1144,869,5306,830
green,167,475,995,2045,1823,1298,1144,869,5305,832
green,167,474,995,2046,1822,1298,1145,870,5306,832
green,167,474,994,2047,1822,1299,1144,870,5304,832
green,167,475,995,2046,1823,1299,1144,870,5308,832
green,167,475,995,2048,1822,1299,1145,871,5308,834
green,167,475,994,2046,1822,1299,1145,871,5308,834
green,167,475,995,2046,1823,1299,1146,871,5310,836
green,167,476,995,2047,1823,1299,1146,871,5311,836
green,167,476,994,2048,1823,1300,1146,871,5311,836
green,167,475,995,2046,1823,1301,1146,872,5313,836
green,167,475,995,2047,1822,1300,1145,871,5312,836
green,167,475,996,2046,1824,1298,1145,871,5311,838
green,167,476,995,2047,1824,1300,1146,871,5314,838
green,167,475,995,2048,1824,1300,1146,871,5314,837
green,167,476,995,2047,1822,1300,1146,872,5314,836
green,167,475,996,2046,1824,1300,1145,872,5312,836
red,116,265,374,355,479,987,1494,1153,2926,724
red,116,265,374,354,478,986,1492,1152,2923,722
red,116,264,374,354,477,984,1491,1150,2920,720
red,115,264,373,354,477,985,1491,1150,2919,720
red,116,264,373,354,477,985,1490,1150,2919,720
red,116,264,373,354,477,986,1491,1151,2920,720
red,116,264,373,354,477,985,1491,1149,2919,720
red,116,264,373,354,478,985,1491,1150,2918,720
red,116,264,373,354,477,984,1489,1149,2917,720
red,116,264,373,353,477,985,1489,1149,2916,720
red,116,264,373,354,477,984,1489,1149,2918,720
red,116,264,373,353,476,984,1489,1148,2917,720
red,116,264,373,354,476,984,1489,1149,2918,720
red,116,264,373,353,477,984,1489,1148,2917,720
red,116,264,372,353,477,985,1490,1148,2916,720
red,116,264,372,353,476,985,1489,1149,2917,718
red,116,264,372,353,476,983,1489,1149,2916,720
red,115,264,372,353,476,984,1489,1150,2916,718
red,116,264,373,353,477,984,1489,1149,2917,718
red,116,264,373,353,477,984,1489,1149,2915,718
red,116,264,373,353,477,984,1488,1149,2915,719
red,116,264,373,353,477,984,1489,1149,2918,720
red,116,264,373,354,477,985,1490,1149,2919,720
red,116,264,373,354,477,985,1490,1149,2917,720
red,116,264,373,354,477,985,1489,1149,2915,720
red,116,264,373,354,477,984,1489,1149,2917,718
red,116,264,373,354,477,984,1489,1148,2914,716
red,115,264,373,354,478,985,1490,1148,2913,716
red,116,264,372,354,477,985,1489,1148,2913,714
red,116,263,373,353,477,984,1490,1148,2912,712
red,116,264,373,354,477,986,1490,1149,2913,714
red,116,264,373,354,477,984,1490,1149,2915,714
red,116,264,373,353,478,985,1490,1149,2916,716
red,116,264,373,354,478,985,1491,1149,2916,716
red,116,264,373,354,478,985,1490,1149,2917,716
red,116,264,373,354,479,991,1500,1155,2939,720
red,116,264,373,354,478,986,1492,1150,2919,718
red,116,264,373,354,477,986,1490,1149,2916,718
red,116,264,373,354,478,985,1491,1150,2918,718
red,116,264,374,354,478,986,1491,1150,2919,718
red,116,265,373,354,478,987,1492,1150,2922,718
red,116,264,373,354,478,985,1492,1150,2919,716
red,116,264,373,354,478,986,1491,1149,2918,716
red,116,264,373,354,478,986,1491,1150,2917,716
red,116,264,373,354,477,986,1490,1148,2914,714
red,116,264,373,354,478,986,1492,1150,2918,714
red,116,264,373,354,478,986,1492,1150,2916,716
red,116,264,373,354,478,985,1492,1149,2916,714
red,116,264,373,354,477,986,1492,1150,2917,714
red,116,264,373,354,478,986,1491,1149,2915,714
red,116,264,373,353,478,985,1492,1149,2915,714
red,116,264,373,354,477,985,1490,1148,2915,712
red,116,264,373,354,478,985,1491,1149,2916,714
red,115,264,372,354,477,985,1490,1148,2913,712
red,116,264,373,354,477,985,1490,1148,2912,712
red,115,264,373,353,477,984,1489,1148,2911,712
red,115,264,373,353,477,985,1490,1147,2911,710
red,115,264,373,354,477,985,1489,1147,2911,710
red,115,264,372,353,477,985,1490,1148,2911,710
red,115,264,372,353,477,985,1489,1148,2911,710
red,115,263,373,353,477,985,1490,1148,2911,710
red,115,264,372,354,477,985,1490,1147,2912,710
red,115,263,373,353,477,985,1489,1147,2911,710
red,115,263,373,353,477,985,1488,1147,2912,710
red,115,264,373,353,477,985,1490,1148,2912,710
red,115,264,372,353,477,985,1489,1147,2910,711
red,115,264,373,353,477,985,1489,1147,2910,710
red,115,264,373,353,477,985,1489,1147,2910,710
red,115,264,373,353,477,984,1490,1148,2911,710
red,116,264,373,353,477,985,1489,1147,2910,710
red,115,263,373,353,477,985,1489,1147,2910,710
red,116,264,372,353,476,985,1489,1147,2911,710
red,116,264,373,353,477,984,1489,1146,2909,710
red,115,264,372,353,477,984,1489,1148,2910,710
red,115,264,372,353,476,984,1490,1147,2911,710
red,115,264,372,353,477,984,1489,1147,2908,708
red,115,264,372,353,477,984,1490,1147,2909,710
red,115,264,372,353,477,984,1489,1147,2909,709
red,115,263,372,353,477,985,1490,1148,2911,710
red,115,263,372,353,477,985,1490,1148,2912,710
red,115,263,372,353,477,985,1489,1148,2912,712
red,115,264,373,354,477,985,1489,1148,2912,712
red,115,264,372,354,477,985,1489,1148,2911,710
red,115,264,373,353,477,985,1488,1148,2911,712
red,115,264,372,353,477,984,1490,1146,2912,712
red,115,264,373,353,477,984,1490,1147,2913,712
red,115,264,372,353,477,985,1489,1147,2910,710
red,115,263,373,353,477,984,1489,1147,2911,710
red,115,264,373,353,477,985,1489,1148,2911,710
red,115,264,373,353,477,985,1489,1147,2911,712
red,115,264,373,353,477,985,1489,1147,2912,710
red,116,264,373,353,477,985,1489,1147,2912,712
red,115,264,373,353,477,985,1489,1147,2911,712
red,115,264,373,353,477,985,1490,1147,2911,712
red,116,264,373,354,477,985,1490,1148,2911,712
red,115,264,373,353,477,986,1489,1148,2911,712
red,115,264,373,353,477,985,1490,1148,2911,712
red,115,264,372,353,477,984,1489,1147,2911,710
red,115,264,373,353,478,985,1490,1148,2912,710
red,116,264,373,353,477,985,1490,1148,2910,710
purple,127,657,782,554,586,700,881,1016,3191,712
purple,127,657,783,554,586,700,882,1016,3192,714
purple,127,657,783,554,585,700,881,1014,3191,714
purple,127,656,783,554,586,700,882,1015,3190,714
purple,127,657,782,554,585,700,881,1016,3191,712
purple,127,657,783,554,585,700,881,1016,3190,712
purple,126,657,782,554,585,700,881,1015,3190,712
purple,127,657,782,554,586,700,880,1015,3189,712
purple,127,657,782,554,585,700,881,1014,3188,712
purple,127,657,782,554,586,700,881,1015,3190,710
purple,127,657,783,554,585,700,881,1014,3189,710
purple,127,657,783,554,585,699,881,1015,3188,710
purple,126,657,782,554,586,700,881,1015,3190,710
purple,127,657,783,555,586,700,882,1016,3189,712
purple,127,658,783,554,586,700,882,1014,3192,712
purple,127,657,783,555,586,701,882,1016,3193,714
purple,127,658,783,555,586,701,882,1017,3193,714
purple,127,657,784,555,586,701,882,1016,3194,714
purple,127,658,784,555,586,701,882,1016,3193,714
purple,127,657,782,555,585,700,881,1015,3190,712
purple,127,657,783,554,585,700,881,1015,3191,712
purple,127,657,782,554,585,699,881,1015,3190,712
purple,127,656,782,553,585,699,880,1014,3188,712
purple,127,656,781,553,584,698,879,1013,3188,714
purple,126,656,782,552,583,698,880,1016,3190,716
purple,126,655,779,551,580,695,878,1013,3189,718
purple,126,653,778,550,578,694,875,1011,3183,718
purple,126,653,777,548,578,693,874,1011,3184,720
purple,126,654,777,549,579,695,877,1015,3191,724
purple,126,655,779,550,581,696,878,1015,3190,720
purple,126,655,780,551,583,697,879,1013,3186,717
purple,127,655,780,552,582,696,877,1012,3184,716
purple,126,655,780,551,582,696,878,1012,3184,718
purple,127,655,780,551,582,697,878,1014,3188,720
purple,126,655,779,551,582,697,878,1015,3191,724
purple,127,655,779,551,581,697,879,1018,3194,728
purple,126,654,779,551,579,694,876,1012,3188,726
purple,126,653,778,549,579,693,874,1011,3187,724
purple,126,653,777,549,578,692,873,1009,3179,722
purple,126,653,777,547,578,692,873,1007,3180,720
purple,125,652,775,547,577,690,871,1006,3175,720
purple,125,652,775,546,576,690,870,1004,3170,720
purple,125,652,775,546,576,690,869,1004,3172,720
purple,125,652,776,547,577,690,871,1005,3172,720
purple,125,652,775,547,577,690,871,1006,3173,720
purple,125,653,776,548,577,692,872,1007,3175,720
purple,125,653,777,548,578,693,874,1011,3183,724
purple,126,653,777,550,580,694,877,1014,3189,724
purple,127,654,779,551,582,696,877,1013,3185,718
purple,126,655,779,551,583,697,878,1011,3183,712
purple,126,656,781,553,584,698,880,1011,3184,712
purple,127,657,782,553,584,698,880,1012,3185,712
purple,127,657,782,553,585,699,880,1013,3187,712
purple,127,658,782,554,585,700,880,1014,3189,714
purple,127,658,783,555,586,699,880,1015,3189,714
purple,127,657,783,554,585,700,880,1014,3190,714
purple,126,657,783,554,585,700,881,1014,3188,714
purple,127,657,782,554,586,700,881,1014,3190,714
purple,127,658,782,555,586,700,881,1014,3191,714
purple,127,658,783,555,586,701,881,1014,3190,714
purple,127,658,783,555,586,700,881,1014,3190,714
purple,127,657,783,554,585,700,882,1014,3190,714
purple,127,658,783,555,586,700,881,1014,3190,713
purple,127,657,783,555,586,699,881,1014,3190,713
purple,127,658,782,554,586,700,881,1015,3190,712
purple,127,658,782,554,585,700,881,1015,3189,712
purple,126,658,782,554,586,700,881,1014,3188,712
purple,127,657,782,554,586,699,881,1012,3187,710
purple,127,658,782,554,586,699,880,1013,3190,712
purple,127,658,782,554,586,700,881,1014,3188,712
purple,127,657,782,554,585,699,881,1013,3186,710
purple,127,657,782,554,585,699,880,1012,3186,711
purple,127,657,782,554,586,699,880,1013,3187,712
purple,127,658,782,554,586,699,880,1014,3187,712
purple,127,657,782,554,586,700,881,1013,3186,712
purple,127,657,782,554,586,699,881,1013,3188,712
purple,126,657,783,555,586,700,881,1014,3189,712
purple,126,657,782,554,585,700,881,1013,3189,712
purple,127,657,782,554,586,699,881,1014,3189,712
purple,127,657,782,554,586,700,881,1014,3189,712
purple,126,657,783,555,586,701,882,1014,3191,712
purple,127,658,783,555,586,700,881,1014,3191,712
purple,127,658,783,554,586,700,882,1015,3190,712
purple,127,657,783,555,586,700,881,1014,3189,712
purple,127,657,783,555,586,701,882,1015,3190,712
purple,127,657,782,555,586,700,882,1015,3192,712
purple,127,657,783,555,586,701,882,1015,3190,712
purple,127,657,783,555,586,701,882,1016,3194,714
purple,127,658,784,555,587,701,883,1016,3194,714
purple,127,658,783,555,586,700,882,1016,3193,714
purple,127,657,783,555,587,701,883,1016,3193,714
purple,127,658,783,555,586,701,882,1016,3193,716
purple,128,658,783,555,586,701,883,1017,3195,718
purple,127,658,783,555,587,702,883,1018,3198,719
purple,128,658,783,556,587,702,884,1019,3199,720
purple,128,658,783,555,587,701,883,1019,3199,720
purple,127,658,784,556,588,702,885,1020,3201,722
purple,128,658,784,556,588,703,885,1021,3201,722
purple,128,659,783,556,588,703,885,1021,3201,722
purple,128,658,784,556,588,702,884,1020,3201,722
red,126,291,404,379,517,1113,1686,1270,3297,770
red,126,291,405,379,517,1113,1685,1272,3297,770
red,126,291,405,380,518,1112,1684,1271,3296,770
red,126,291,404,379,517,1113,1686,1270,3298,768
red,126,291,405,379,517,1112,1684,1271,3298,769
red,126,290,404,379,516,1111,1683,1269,3295,770
red,126,290,404,378,516,1110,1683,1269,3293,768
red,126,290,404,378,516,1110,1682,1269,3292,768
red,125,290,403,378,515,1110,1682,1268,3292,768
red,126,290,403,377,515,1109,1682,1268,3290,766
red,126,290,403,378,516,1109,1682,1268,3288,766
red,126,290,403,377,515,1109,1681,1268,3289,766
red,125,289,403,377,514,1109,1680,1267,3287,766
red,125,290,403,377,514,1109,1682,1267,3287,766
red,126,289,403,377,515,1109,1682,1269,3290,768
red,126,290,403,378,515,1109,1681,1270,3288,768
red,125,290,403,377,515,1109,1682,1268,3286,767
red,126,289,403,377,514,1108,1679,1268,3284,766
red,126,289,402,377,515,1109,1680,1268,3286,766
red,125,290,403,378,515,1108,1680,1268,3286,766
red,125,290,403,377,515,1110,1681,1269,3287,766
red,125,290,403,378,515,1109,1681,1269,3287,766
red,126,290,403,378,516,1110,1682,1269,3288,766
red,126,290,403,378,517,1111,1684,1269,3293,766
red,126,290,404,378,517,1112,1685,1270,3294,768
red,126,291,404,379,518,1112,1685,1271,3296,768
red,126,291,404,379,517,1112,1687,1270,3298,770
red,126,291,405,379,518,1113,1686,1271,3299,770
red,126,291,405,379,518,1113,1686,1272,3300,772
red,126,291,405,380,518,1113,1687,1272,3300,772
red,126,291,405,380,518,1113,1687,1273,3301,770
red,126,291,405,380,518,1113,1685,1271,3300,772
red,126,291,405,380,518,1113,1686,1271,3300,770
red,126,291,405,379,518,1112,1686,1272,3300,770
red,127,291,405,379,518,1114,1686,1272,3301,772
red,126,291,405,380,518,1113,1686,1273,3302,772
red,127,291,405,380,518,1114,1687,1271,3303,772
red,126,291,405,380,518,1114,1687,1271,3302,772
red,127,291,405,380,518,1114,1687,1273,3302,772
red,127,291,405,380,519,1114,1687,1274,3303,772
red,127,292,405,380,518,1113,1687,1274,3301,770
red,127,291,405,380,518,1114,1688,1274,3303,772
red,127,291,405,381,518,1114,1687,1273,3303,772
red,126,291,405,380,518,1114,1687,1273,3300,772
red,126,291,405,380,518,1114,1688,1273,3304,772
red,127,291,405,380,519,1114,1688,1275,3302,772
red,125,292,405,380,519,1113,1688,1274,3303,772
red,126,291,405,380,518,1114,1688,1274,3304,772
red,127,291,405,380,518,1114,1688,1273,3304,772
red,126,291,405,380,518,1115,1688,1273,3304,772
red,126,291,405,380,519,1114,1687,1273,3304,772
red,127,291,405,380,518,1114,1688,1273,3302,772
red,127,291,405,380,518,1114,1688,1273,3301,772
red,126,291,405,380,518,1113,1687,1272,3301,770
red,126,291,405,380,518,1115,1687,1273,3303,772
red,126,291,405,380,518,1113,1687,1273,3301,770
red,126,291,405,380,518,1114,1687,1273,3301,772
red,126,291,404,380,518,1113,1686,1273,3300,770
red,126,291,405,380,518,1114,1687,1272,3301,770
red,126,291,405,380,518,1113,1686,1272,3299,770
red,125,291,405,380,518,1114,1687,1273,3301,770
red,127,291,405,380,518,1114,1687,1273,3301,770
red,126,291,405,380,518,1114,1686,1273,3300,770
red,126,291,405,380,518,1113,1687,1272,3299,770
red,126,291,405,380,518,1113,1686,1272,3299,770
red,126,291,405,379,517,1113,1686,1272,3299,768
red,127,291,405,379,518,1114,1686,1273,3299,770
red,126,291,405,380,518,1113,1686,1270,3299,768
red,126,291,405,379,517,1113,1687,1272,3299,768
red,126,291,405,380,518,1113,1686,1273,3299,768
red,126,291,405,380,518,1114,1687,1273,3301,768
red,125,291,405,380,518,1113,1687,1271,3299,768
red,126,291,405,380,518,1113,1687,1272,3299,768
red,126,291,405,380,518,1114,1687,1271,3299,770
red,126,291,405,380,518,1114,1686,1272,3300,768
red,126,291,405,380,518,1113,1687,1272,3301,768
red,126,291,405,380,518,1114,1687,1272,3299,770
red,127,291,405,379,518,1114,1688,1272,3301,770
red,126,291,405,380,518,1114,1687,1274,3302,770
red,126,291,405,380,519,1114,1688,1274,3304,772
red,127,291,405,380,518,1114,1688,1274,3302,772
red,126,291,405,380,518,1114,1688,1274,3301,770
red,126,291,405,380,518,1114,1687,1272,3303,772
red,127,291,405,380,518,1113,1687,1273,3302,770
red,126,291,405,380,518,1114,1686,1272,3301,770
red,127,291,405,380,518,1114,1686,1273,3299,770
red,127,291,405,380,518,1113,1686,1272,3300,770
red,126,291,405,380,518,1114,1687,1273,3301,770
red,126,291,404,380,518,1114,1686,1273,3300,768
red,126,291,405,380,518,1114,1687,1271,3300,768
red,126,291,405,380,518,1113,1687,1273,3299,770
red,126,291,405,380,518,1113,1687,1273,3301,770
red,126,291,405,380,518,1113,1688,1271,3300,770
red,126,291,405,379,518,1114,1686,1273,3300,770
red,126,291,405,380,518,1113,1686,1272,3299,770
red,126,291,405,380,518,1114,1687,1273,3300,770
red,126,291,405,380,518,1113,1686,1271,3298,770
red,126,291,405,380,518,1113,1687,1272,3298,768
red,126,291,405,380,518,1113,1686,1271,3299,770
red,126,291,405,380,518,1113,1685,1273,3299,770
pink,204,852,980,732,928,2168,2869,1825,6479,1022
pink,204,852,982,733,928,2168,2869,1826,6478,1022
pink,204,853,982,733,928,2169,2869,1825,6480,1024
pink,204,853,981,733,928,2166,2868,1823,6476,1022
pink,204,853,980,732,927,2167,2867,1825,6476,1020
pink,204,853,981,733,927,2167,2870,1824,6478,1022
pink,204,853,981,732,927,2168,2868,1825,6476,1022
pink,204,852,981,733,928,2168,2869,1826,6479,1022
pink,204,852,980,733,928,2168,2870,1824,6480,1022
pink,204,852,981,732,927,2169,2868,1824,6479,1022
pink,203,852,981,732,927,2167,2869,1823,6476,1022
pink,204,852,981,733,927,2168,2867,1823,6475,1022
pink,204,852,981,733,927,2168,2869,1824,6477,1022
pink,204,852,980,733,928,2166,2870,1824,6477,1020
pink,204,852,980,733,927,2167,2868,1823,6476,1022
pink,204,852,980,732,928,2167,2869,1824,6475,1020
pink,204,852,980,732,927,2166,2868,1822,6473,1022
pink,203,852,981,733,927,2167,2869,1823,6475,1020
pink,203,852,979,732,927,2167,2868,1823,6475,1020
pink,204,852,981,732,927,2166,2867,1822,6475,1018
pink,203,852,981,732,926,2167,2867,1822,6473,1020
pink,203,852,980,732,926,2166,2866,1823,6471,1018
pink,204,852,981,732,927,2166,2867,1823,6473,1020
pink,203,851,980,732,926,2166,2866,1821,6471,1020
pink,203,852,981,732,927,2166,2866,1822,6471,1020
pink,203,851,979,731,927,2165,2866,1822,6473,1020
pink,203,852,980,732,926,2166,2866,1821,6472,1018
pink,203,851,980,731,926,2166,2866,1821,6468,1016
pink,203,851,980,731,926,2163,2865,1820,6468,1018
pink,203,851,980,731,926,2166,2867,1821,6469,1018
pink,204,851,981,731,926,2165,2866,1820,6471,1020
pink,204,852,981,732,927,2165,2867,1823,6476,1022
pink,203,852,980,732,927,2165,2867,1823,6474,1020
pink,203,852,980,731,926,2163,2865,1821,6466,1018
pink,202,851,978,730,925,2162,2862,1819,6460,1014
pink,202,851,979,729,923,2160,2859,1815,6452,1010
pink,201,849,978,727,923,2158,2859,1812,6445,1006
pink,201,849,976,726,921,2155,2853,1810,6437,1002
pink,200,848,975,725,920,2155,2851,1808,6432,1000
pink,199,848,976,725,920,2154,2852,1808,6431,1002
pink,199,848,976,726,922,2155,2853,1809,6437,1004
pink,200,848,977,726,921,2157,2856,1811,6443,1008
pink,201,849,977,727,923,2160,2858,1814,6452,1012
pink,202,851,978,730,924,2162,2861,1817,6462,1018
pink,203,851,979,731,925,2162,2864,1818,6466,1020
pink,203,850,979,731,924,2163,2863,1819,6467,1020
pink,203,851,979,731,925,2165,2864,1819,6467,1022
pink,203,851,980,730,925,2165,2866,1820,6474,1022
pink,203,852,980,731,926,2166,2866,1820,6471,1023
pink,203,852,980,732,926,2166,2867,1821,6475,1022
pink,204,852,981,731,926,2167,2865,1821,6474,1022
pink,203,852,980,731,925,2164,2862,1819,6467,1020
pink,203,851,979,732,925,2164,2863,1820,6467,1018
pink,203,851,979,731,925,2164,2863,1819,6465,1018
pink,203,851,978,731,925,2163,2861,1817,6461,1016
pink,202,851,979,730,924,2161,2859,1816,6452,1014
pink,203,851,980,731,924,2163,2860,1817,6457,1014
pink,203,850,979,730,924,2160,2859,1817,6456,1012
pink,202,850,979,730,924,2160,2858,1814,6452,1012
pink,202,850,978,730,924,2160,2859,1814,6453,1012
pink,202,850,979,730,924,2160,2858,1814,6447,1012
pink,203,850,978,729,924,2160,2859,1815,6450,1010
pink,203,850,977,730,924,2161,2860,1815,6452,1012
pink,203,850,978,729,924,2161,2859,1815,6450,1012
pink,203,849,979,730,924,2160,2859,1814,6451,1012
pink,203,850,978,730,924,2160,2860,1815,6452,1012
pink,202,850,978,730,923,2161,2859,1815,6452,1010
pink,203,849,978,730,924,2160,2859,1815,6453,1012
pink,202,849,978,731,923,2159,2858,1816,6450,1012
pink,202,849,978,730,924,2161,2859,1815,6451,1012
pink,203,849,979,730,925,2160,2862,1815,6455,1012
pink,203,850,979,731,924,2163,2860,1816,6455,1012
pink,203,851,978,730,924,2163,2860,1816,6456,1013
pink,203,850,979,730,924,2161,2860,1816,6456,1012
pink,203,850,979,730,925,2162,2861,1815,6455,1012
pink,203,849,978,729,924,2162,2860,1815,6454,1012
pink,203,850,979,730,925,2161,2859,1815,6454,1012
pink,203,850,980,730,924,2163,2861,1816,6458,1012
pink,203,850,977,730,925,2162,2860,1816,6455,1013
pink,203,850,979,730,924,2162,2860,1815,6454,1014
pink,203,850,979,730,925,2162,2860,1817,6458,1014
pink,203,851,979,731,925,2163,2863,1818,6460,1014
pink,203,851,979,731,925,2165,2863,1817,6459,1012
pink,203,850,979,732,926,2162,2864,1818,6461,1012
pink,203,851,979,731,925,2164,2863,1818,6462,1012
pink,203,850,979,731,925,2162,2863,1817,6456,1012
pink,203,851,979,731,925,2164,2863,1817,6463,1012
pink,203,850,979,730,925,2163,2863,1818,6460,1012
pink,203,850,979,730,925,2163,2862,1817,6461,1013
pink,202,851,979,730,924,2163,2864,1818,6461,1012
pink,203,851,979,731,925,2164,2863,1817,6459,1014
pink,203,851,980,731,926,2164,2863,1819,6463,1014
pink,203,851,979,731,925,2164,2864,1819,6464,1014
pink,203,850,979,732,925,2164,2865,1819,6463,1015
pink,203,851,980,731,925,2163,2864,1820,6462,1014
pink,203,851,980,732,925,2163,2863,1819,6461,1016
pink,203,851,979,731,925,2163,2864,1820,6463,1016
pink,203,851,980,731,926,2164,2863,1819,6463,1016
pink,203,851,979,731,925,2165,2864,1819,6463,1016
pink,203,851,978,731,926,2164,2865,1818,6465,1016
red,125,287,400,385,518,1096,1618,1226,3235,776
red,125,287,400,385,518,1096,1616,1227,3233,776
red,125,287,400,385,517,1095,1616,1226,3231,776
red,125,287,400,384,517,1094,1615,1226,3230,776
red,125,286,399,384,517,1095,1615,1226,3228,776
red,125,286,399,384,517,1094,1615,1225,3229,774
red,125,286,399,385,517,1094,1614,1225,3227,774
red,125,285,399,384,516,1094,1613,1223,3223,772
red,125,285,398,383,516,1092,1610,1221,3220,770
red,124,285,398,383,515,1091,1609,1219,3209,762
red,125,285,398,383,516,1092,1610,1222,3216,766
red,125,286,399,384,516,1092,1611,1221,3218,766
red,125,286,399,384,517,1093,1612,1222,3218,766
red,125,286,399,383,516,1093,1612,1221,3220,766
red,125,286,398,384,517,1093,1612,1221,3218,768
red,125,286,399,384,517,1093,1613,1223,3221,768
red,125,286,399,384,517,1094,1613,1223,3222,768
red,125,286,399,384,516,1093,1612,1222,3217,766
red,125,286,399,384,518,1095,1616,1224,3227,774
red,125,286,400,385,518,1096,1615,1225,3229,774
red,125,286,400,385,518,1096,1617,1226,3232,774
red,125,287,400,385,518,1096,1616,1226,3231,776
red,125,287,400,385,518,1096,1615,1225,3231,774
red,125,286,400,385,518,1096,1615,1224,3229,774
red,125,286,400,385,518,1096,1615,1225,3230,774
red,125,286,400,385,518,1096,1615,1225,3229,772
red,125,286,400,385,519,1095,1615,1225,3231,774
red,125,286,399,385,518,1096,1615,1225,3231,774
red,125,287,400,385,518,1096,1616,1225,3233,774
red,125,286,400,386,519,1096,1617,1225,3233,776
red,125,287,400,385,519,1096,1616,1226,3232,774
red,125,287,399,385,518,1096,1616,1226,3231,774
red,125,287,400,385,518,1096,1615,1225,3231,774
red,125,287,400,385,518,1096,1616,1225,3231,774
red,125,286,400,386,518,1096,1615,1225,3230,776
red,125,286,400,385,518,1096,1616,1225,3232,774
red,125,287,400,385,518,1096,1616,1226,3234,775
red,125,287,400,385,518,1096,1618,1226,3235,776
red,125,287,400,385,519,1096,1617,1227,3235,776
red,125,287,400,385,518,1096,1616,1225,3231,774
red,125,286,400,385,518,1096,1616,1226,3235,776
red,124,287,400,385,518,1096,1617,1227,3233,778
red,125,287,400,386,518,1096,1617,1226,3233,776
red,125,286,400,385,518,1095,1615,1225,3230,774
red,125,286,399,385,518,1095,1615,1225,3229,774
red,125,286,399,385,518,1095,1615,1225,3231,774
red,125,287,400,385,518,1095,1616,1225,3230,774
red,125,287,400,385,518,1096,1616,1225,3231,774
red,125,286,400,385,518,1095,1615,1225,3231,774
red,125,286,400,385,518,1096,1615,1225,3230,775
red,125,286,400,385,519,1096,1616,1226,3233,776
red,125,287,400,385,518,1096,1616,1225,3232,774
red,125,287,400,385,518,1096,1617,1226,3232,776
red,125,287,400,385,518,1096,1617,1226,3233,774
red,125,287,400,386,518,1096,1616,1225,3232,774
red,125,287,400,385,518,1096,1616,1225,3232,775
red,125,287,400,385,518,1096,1615,1225,3231,775
red,125,287,400,385,518,1096,1616,1226,3232,774
red,125,286,400,385,518,1096,1616,1225,3232,776
red,125,287,400,385,518,1096,1616,1225,3232,775
red,125,287,400,386,519,1096,1616,1226,3233,776
red,124,287,400,386,519,1096,1616,1226,3233,776
red,124,287,400,385,518,1097,1616,1226,3231,776
red,125,287,400,385,518,1096,1616,1226,3232,776
red,125,286,400,385,518,1097,1616,1226,3232,776
red,125,287,400,385,518,1097,1615,1226,3232,776
red,125,287,400,385,518,1096,1616,1226,3233,776
red,125,287,400,385,518,1097,1616,1226,3231,776
red,126,286,400,385,518,1096,1617,1226,3233,776
red,125,287,400,386,519,1096,1616,1225,3233,776
red,125,286,400,385,518,1096,1616,1225,3233,776
red,125,287,400,386,519,1096,1617,1226,3232,776
red,126,287,400,385,518,1096,1616,1225,3233,776
red,125,286,401,385,518,1097,1617,1226,3232,776
red,125,287,400,386,519,1096,1617,1226,3235,776
red,125,287,401,385,518,1096,1617,1226,3233,776
red,125,287,400,386,518,1096,1618,1226,3234,776
red,125,287,400,385,518,1096,1616,1226,3233,776
red,125,286,400,385,519,1097,1616,1226,3233,776
red,125,287,400,386,518,1096,1617,1225,3233,776
red,125,287,400,385,518,1096,1617,1226,3234,776
red,125,287,400,386,518,1096,1617,1226,3233,776
red,125,287,400,385,517,1095,1614,1224,3226,772
red,125,286,400,385,518,1095,1615,1226,3230,774
red,125,286,400,385,518,1095,1615,1225,3231,774
red,125,287,400,385,518,1096,1615,1224,3230,774
red,125,286,400,384,518,1096,1617,1225,3230,776
red,125,286,400,385,518,1095,1616,1225,3231,776
red,125,286,400,385,519,1096,1616,1225,3232,776
red,125,287,400,385,518,1095,1616,1225,3233,776
red,125,287,400,386,518,1096,1616,1225,3232,776
red,126,286,400,385,519,1096,1617,1226,3234,776
red,125,287,400,385,518,1097,1617,1226,3236,778
red,125,287,401,386,519,1097,1618,1228,3236,778
red,125,287,400,386,519,1097,1618,1228,3238,778
red,126,287,400,386,519,1096,1618,1227,3236,778
red,125,287,400,386,519,1097,1618,1227,3238,778
red,125,287,400,385,518,1096,1617,1227,3235,778
red,126,287,400,386,519,1097,1618,1228,3237,778
red,126,287,400,386,519,1097,1619,1227,3237,780
yellow,227,542,989,1950,2264,2510,2420,1636,7722,1121
yellow,228,541,988,1949,2264,2509,2421,1635,7716,1120
yellow,228,541,987,1948,2264,2511,2421,1637,7724,1121
yellow,228,541,989,1950,2264,2511,2421,1637,7725,1121
yellow,228,541,988,1950,2262,2507,2419,1637,7720,1122
yellow,228,542,987,1949,2263,2509,2421,1637,7722,1123
yellow,227,541,987,1949,2262,2509,2420,1637,7721,1122
yellow,227,541,987,1948,2262,2508,2418,1636,7717,1125
yellow,227,541,988,1946,2262,2507,2419,1637,7716,1124
yellow,227,541,988,1947,2262,2508,2419,1637,7718,1124
yellow,227,541,987,1947,2261,2506,2418,1636,7716,1122
yellow,227,541,987,1946,2261,2505,2416,1634,7713,1120
yellow,227,541,987,1948,2262,2506,2417,1634,7713,1119
yellow,227,541,986,1947,2264,2508,2418,1634,7713,1120
yellow,227,541,988,1949,2261,2508,2418,1634,7714,1119
yellow,228,541,987,1950,2265,2510,2420,1636,7724,1122
yellow,227,542,989,1950,2264,2511,2420,1636,7723,1121
yellow,228,541,989,1951,2266,2512,2422,1636,7728,1124
yellow,228,542,990,1951,2266,2512,2422,1637,7730,1126
yellow,228,542,989,1952,2268,2514,2424,1640,7737,1126
yellow,228,542,991,1953,2271,2516,2426,1641,7742,1128
yellow,229,543,991,1954,2270,2517,2427,1642,7742,1129
yellow,228,543,991,1955,2270,2517,2427,1642,7745,1130
yellow,229,543,992,1955,2271,2517,2428,1643,7747,1130
yellow,229,543,990,1956,2272,2518,2428,1643,7748,1132
yellow,229,544,991,1955,2271,2518,2429,1644,7749,1132
yellow,229,543,991,1954,2271,2519,2430,1644,7751,1131
yellow,229,543,992,1956,2271,2518,2428,1644,7747,1132
yellow,228,543,991,1954,2271,2517,2429,1643,7743,1130
yellow,229,543,990,1954,2270,2517,2427,1643,7742,1130
yellow,229,543,990,1956,2270,2515,2426,1643,7741,1128
yellow,229,543,990,1955,2270,2517,2427,1643,7742,1129
yellow,229,543,990,1955,2269,2517,2427,1642,7743,1128
yellow,228,543,990,1953,2270,2516,2427,1643,7741,1129
yellow,229,543,991,1954,2271,2516,2427,1643,7743,1128
yellow,229,543,991,1954,2271,2517,2426,1643,7741,1128
yellow,229,542,991,1955,2269,2516,2428,1643,7740,1129
yellow,229,543,992,1954,2271,2518,2430,1644,7745,1133
yellow,229,543,991,1956,2271,2519,2430,1645,7751,1133
yellow,229,543,991,1955,2271,2518,2428,1644,7744,1134
yellow,229,543,992,1955,2271,2518,2428,1643,7746,1133
yellow,229,544,992,1955,2271,2518,2428,1645,7749,1134
yellow,229,544,992,1957,2271,2518,2430,1645,7746,1133
yellow,229,543,992,1955,2272,2518,2431,1646,7754,1133
yellow,229,544,992,1956,2271,2518,2428,1644,7742,1133
yellow,229,543,990,1955,2271,2518,2427,1645,7744,1134
yellow,228,543,992,1954,2271,2517,2428,1644,7746,1134
yellow,229,543,992,1955,2271,2518,2429,1645,7747,1134
yellow,229,543,992,1955,2271,2518,2429,1644,7749,1134
yellow,229,544,991,1956,2272,2519,2430,1645,7751,1132
yellow,229,543,991,1955,2271,2518,2430,1645,7751,1134
yellow,229,543,991,1955,2272,2519,2428,1645,7746,1134
yellow,229,543,991,1955,2271,2518,2430,1645,7745,1134
yellow,229,543,991,1955,2270,2516,2429,1643,7745,1135
yellow,229,543,992,1955,2270,2517,2429,1644,7748,1133
yellow,229,543,991,1953,2270,2517,2428,1643,7746,1132
yellow,229,543,991,1955,2272,2517,2428,1645,7748,1133
yellow,229,543,992,1954,2271,2517,2428,1644,7746,1133
yellow,229,543,990,1955,2270,2518,2428,1645,7749,1134
yellow,229,543,991,1953,2271,2518,2427,1644,7747,1132
yellow,229,543,991,1955,2271,2518,2428,1644,7743,1134
yellow,229,543,990,1953,2270,2517,2428,1645,7748,1133
yellow,229,543,991,1955,2270,2517,2428,1645,7745,1133
yellow,229,543,992,1955,2271,2517,2427,1644,7747,1134
yellow,229,543,991,1955,2271,2519,2430,1645,7750,1132
yellow,229,543,991,1955,2272,2518,2429,1644,7749,1132
yellow,229,544,991,1956,2272,2520,2430,1645,7754,1134
yellow,230,545,995,1962,2267,2513,2424,1642,7729,1131
yellow,229,542,991,1953,2276,2522,2434,1647,7769,1136
yellow,229,543,991,1955,2274,2520,2433,1646,7762,1135
yellow,229,544,991,1956,2273,2518,2430,1645,7748,1133
yellow,229,543,991,1954,2272,2519,2429,1645,7749,1133
yellow,229,543,991,1953,2272,2518,2429,1644,7747,1134
yellow,229,543,992,1956,2273,2520,2430,1646,7756,1136
yellow,229,543,992,1955,2271,2518,2429,1645,7748,1134
yellow,229,543,991,1956,2271,2519,2429,1644,7751,1134
yellow,229,543,991,1955,2271,2520,2428,1645,7750,1134
yellow,229,543,991,1954,2270,2519,2430,1644,7749,1132
yellow,229,544,992,1955,2271,2517,2428,1644,7748,1133
yellow,229,543,991,1955,2271,2517,2429,1644,7747,1131
yellow,229,543,990,1955,2270,2517,2428,1642,7742,1130
yellow,229,543,991,1954,2269,2515,2425,1642,7736,1127
yellow,229,543,990,1953,2269,2516,2426,1642,7738,1127
yellow,228,542,991,1954,2268,2516,2425,1642,7735,1126
yellow,228,543,989,1953,2268,2514,2425,1642,7736,1126
yellow,228,542,990,1954,2268,2513,2425,1641,7734,1125
yellow,228,542,989,1953,2267,2513,2425,1640,7733,1125
yellow,229,542,990,1953,2267,2513,2423,1640,7729,1124
yellow,228,542,990,1952,2266,2512,2423,1639,7726,1121
yellow,228,542,989,1952,2266,2511,2422,1639,7725,1121
yellow,228,542,989,1951,2265,2511,2421,1638,7722,1120
yellow,228,542,989,1952,2266,2510,2421,1638,7724,1120
yellow,228,541,989,1951,2266,2511,2422,1637,7724,1121
yellow,228,541,988,1950,2264,2511,2421,1638,7721,1122
yellow,228,542,989,1951,2265,2511,2421,1638,7724,1120
yellow,228,542,988,1951,2266,2512,2422,1639,7726,1121
yellow,228,542,989,1951,2265,2511,2422,1638,7722,1121
yellow,228,542,989,1951,2265,2511,2422,1638,7723,1120
yellow,228,541,989,1952,2265,2512,2422,1638,7724,1120
yellow,228,542,989,1951,2266,2510,2422,1638,7725,1121
red,127,301,422,405,538,1107,1624,1237,3321,794
red,128,301,422,405,538,1106,1623,1237,3319,794
red,128,301,422,405,538,1107,1622,1236,3318,794
red,127,301,421,405,539,1107,1623,1235,3318,794
red,128,301,421,405,539,1108,1623,1236,3320,794
red,128,301,422,406,540,1109,1624,1238,3324,794
red,128,301,423,406,540,1110,1625,1238,3327,796
red,128,302,423,407,541,1111,1627,1238,3329,796
red,128,302,423,407,541,1110,1626,1239,3331,798
red,128,303,423,407,541,1112,1627,1241,3333,800
red,128,302,424,408,542,1111,1629,1241,3335,800
red,129,302,423,407,542,1112,1627,1240,3334,802
red,128,302,423,407,542,1112,1628,1241,3336,802
red,128,302,424,407,541,1112,1628,1242,3337,802
red,129,303,424,407,542,1112,1629,1242,3338,802
red,129,302,424,408,542,1113,1628,1241,3338,802
red,128,303,424,408,541,1112,1629,1242,3338,802
red,128,303,423,407,542,1112,1630,1241,3339,802
red,129,303,423,408,542,1113,1629,1242,3340,802
red,129,303,423,407,542,1113,1629,1242,3339,802
red,129,302,424,408,542,1113,1630,1243,3339,802
red,129,303,424,407,542,1113,1629,1242,3338,802
red,129,302,423,408,542,1112,1629,1242,3338,803
red,129,303,423,408,542,1112,1629,1242,3339,802
red,129,303,424,408,542,1112,1629,1242,3338,802
red,127,303,424,407,542,1112,1630,1243,3338,802
red,128,303,423,408,542,1114,1631,1242,3343,806
red,129,302,424,408,542,1113,1630,1244,3346,808
red,129,303,423,408,542,1114,1630,1244,3344,808
red,129,303,424,408,542,1113,1630,1244,3345,808
red,129,303,424,408,542,1113,1630,1244,3344,808
red,128,303,423,408,542,1113,1630,1243,3342,808
red,129,303,424,408,542,1112,1629,1243,3342,808
red,128,303,423,408,542,1112,1629,1242,3341,808
red,129,303,424,408,541,1112,1629,1243,3343,808
red,129,303,423,408,542,1113,1629,1242,3342,808
red,129,303,424,408,541,1112,1629,1243,3341,808
red,129,303,424,408,542,1113,1628,1242,3340,808
red,129,303,424,408,542,1113,1630,1242,3340,808
red,129,303,423,407,542,1113,1628,1242,3340,808
red,129,303,423,407,542,1112,1629,1242,3339,806
red,129,303,424,408,542,1113,1628,1242,3340,806
red,129,303,424,407,542,1113,1629,1242,3340,806
red,129,303,424,408,541,1112,1628,1241,3340,806
red,129,303,424,408,541,1112,1629,1243,3342,806
red,129,303,423,408,542,1113,1629,1242,3340,804
red,129,303,424,408,542,1113,1629,1242,3339,802
red,129,302,424,408,542,1113,1630,1242,3340,802
red,128,303,423,408,542,1112,1630,1242,3338,802
red,129,302,423,407,541,1112,1629,1241,3337,800
red,129,302,423,407,541,1111,1629,1240,3333,800
red,129,302,424,407,542,1111,1629,1242,3337,802
red,128,302,424,407,541,1112,1629,1243,3338,804
red,129,302,423,407,542,1113,1629,1242,3340,804
red,129,302,423,407,542,1112,1629,1242,3339,802
red,129,303,424,407,542,1112,1630,1242,3340,802
red,129,303,424,407,541,1112,1630,1243,3340,802
red,129,302,424,407,542,1113,1629,1242,3340,804
red,129,303,423,407,542,1112,1629,1243,3339,804
red,129,303,424,407,541,1111,1629,1241,3336,802
red,128,302,423,407,542,1112,1630,1242,3338,802
red,129,302,423,408,542,1112,1629,1242,3338,802
red,129,303,423,407,541,1111,1628,1241,3338,804
red,129,302,423,408,541,1112,1629,1241,3339,804
red,129,302,424,407,542,1112,1629,1243,3339,804
red,128,303,423,408,542,1112,1630,1241,3340,804
red,129,303,424,407,542,1112,1630,1242,3339,802
red,129,303,424,408,542,1112,1630,1242,3339,802
red,129,303,423,407,542,1112,1629,1242,3338,803
red,129,303,424,407,541,1112,1629,1241,3338,802
red,128,302,424,407,541,1112,1630,1242,3337,800
red,128,302,424,408,541,1112,1629,1241,3337,800
red,129,303,424,407,541,1112,1629,1241,3338,800
red,129,302,423,408,542,1112,1630,1241,3339,802
red,128,302,424,408,542,1112,1630,1241,3338,802
red,129,303,424,407,542,1112,1629,1241,3337,800
red,128,302,424,407,542,1112,1628,1240,3337,800
red,127,303,424,408,542,1112,1629,1241,3337,800
red,128,303,424,407,542,1112,1628,1241,3336,800
red,129,303,424,407,541,1112,1628,1241,3337,800
red,128,302,424,407,541,1112,1628,1241,3335,800
red,129,303,423,407,541,1112,1628,1240,3337,800
red,128,303,423,407,541,1112,1628,1241,3337,800
red,128,302,423,407,541,1112,1629,1240,3335,800
red,128,303,422,407,541,1111,1628,1241,3336,800
red,129,303,423,407,541,1112,1628,1241,3336,800
red,128,302,423,407,541,1112,1629,1240,3336,800
red,129,302,424,407,541,1111,1628,1241,3336,800
red,129,303,423,407,541,1111,1628,1241,3336,800
red,129,302,424,407,541,1111,1628,1241,3337,800
red,129,302,424,407,542,1111,1628,1241,3336,800
red,128,302,423,407,541,1111,1628,1240,3335,800
red,129,303,423,407,541,1111,1627,1242,3336,798
red,128,303,424,407,541,1112,1629,1241,3336,800
red,129,302,424,407,541,1112,1628,1241,3338,800
red,128,303,423,407,542,1112,1629,1241,3338,800
red,129,303,423,407,541,1112,1629,1241,3337,800
red,129,302,423,407,541,1111,1628,1240,3336,800
red,128,302,424,407,541,1112,1628,1241,3336,800
red,128,302,423,407,541,1112,1627,1240,3335,800
blue,153,992,1372,1230,1003,816,851,668,4379,758
blue,151,991,1370,1229,1003,816,851,667,4375,758
blue,152,990,1370,1228,1002,815,849,667,4373,756
blue,151,990,1369,1228,1001,815,849,666,4371,754
blue,151,990,1368,1227,1000,814,848,665,4364,750
blue,151,989,1368,1226,1000,815,847,665,4360,748
blue,151,989,1367,1225,999,813,846,664,4355,744
blue,150,988,1367,1224,997,812,845,662,4349,738
blue,150,987,1365,1223,998,811,845,661,4344,734
blue,150,988,1365,1223,996,810,844,660,4338,732
blue,150,987,1365,1223,996,810,844,660,4336,728
blue,150,987,1364,1222,996,810,843,660,4332,726
blue,149,987,1363,1221,995,809,842,659,4328,722
blue,150,986,1364,1221,995,809,842,659,4325,722
blue,149,986,1363,1221,994,810,842,659,4328,722
blue,149,986,1364,1221,996,810,842,659,4330,724
blue,149,987,1364,1221,995,810,843,659,4331,724
blue,149,987,1364,1222,996,810,843,660,4333,726
blue,150,986,1364,1222,996,810,842,659,4333,726
blue,149,987,1364,1221,997,810,842,659,4332,724
blue,150,986,1364,1222,995,809,842,658,4328,724
blue,150,986,1364,1221,995,810,842,659,4327,722
blue,149,986,1364,1221,996,809,842,658,4324,720
blue,150,986,1362,1220,995,809,842,658,4323,720
blue,149,986,1362,1220,994,809,842,658,4325,720
blue,149,986,1363,1220,996,809,842,659,4328,722
blue,149,986,1364,1221,996,810,843,660,4337,730
blue,150,988,1365,1223,997,812,845,663,4348,736
blue,151,988,1367,1225,1000,814,848,665,4360,746
blue,152,990,1369,1227,1001,815,849,666,4369,754
blue,152,990,1370,1229,1004,816,851,667,4379,758
blue,152,992,1372,1231,1003,818,851,668,4381,760
blue,153,992,1372,1231,1003,818,852,668,4385,762
blue,152,992,1373,1231,1004,818,852,669,4382,762
blue,153,992,1373,1232,1005,819,853,669,4390,764
blue,153,992,1374,1233,1005,819,853,670,4391,764
blue,153,993,1374,1232,1005,819,853,669,4391,766
blue,153,992,1374,1233,1006,819,853,670,4390,766
blue,153,993,1375,1232,1007,819,853,670,4393,766
blue,154,993,1374,1233,1006,819,853,670,4393,766
blue,153,993,1374,1233,1006,819,853,670,4392,766
blue,153,993,1374,1232,1005,819,852,669,4391,768
blue,153,994,1374,1232,1006,819,853,670,4392,766
blue,153,993,1374,1232,1005,819,853,670,4391,766
blue,153,993,1374,1234,1006,819,853,670,4393,766
blue,153,993,1374,1233,1007,819,852,669,4391,766
blue,153,993,1374,1232,1006,818,854,670,4392,766
blue,154,993,1375,1233,1006,820,854,670,4393,766
blue,154,994,1374,1232,1006,819,853,669,4393,766
blue,152,994,1375,1233,1006,820,853,670,4392,766
blue,153,993,1375,1233,1006,819,853,669,4390,766
blue,153,993,1374,1233,1006,820,853,670,4392,766
blue,153,993,1375,1233,1006,819,854,670,4391,766
blue,153,993,1374,1232,1006,819,854,670,4393,766
blue,154,993,1374,1233,1006,820,854,670,4392,766
blue,153,993,1374,1232,1006,819,854,670,4393,766
blue,154,993,1374,1232,1005,818,853,669,4390,766
blue,154,993,1374,1233,1005,819,853,670,4393,766
blue,153,994,1375,1232,1007,819,853,670,4393,766
blue,153,993,1374,1233,1006,820,853,669,4392,766
blue,153,993,1374,1233,1007,820,853,670,4392,765
blue,153,993,1375,1233,1005,820,853,670,4393,766
blue,153,994,1375,1234,1006,819,853,670,4392,766
blue,154,993,1375,1233,1006,819,853,670,4392,766
blue,153,993,1375,1233,1007,819,853,670,4393,766
blue,153,993,1374,1233,1007,819,854,670,4394,766
blue,153,994,1374,1233,1006,819,853,670,4394,766
blue,153,993,1374,1233,1006,819,852,669,4390,764
blue,154,993,1374,1232,1006,819,853,670,4391,766
blue,153,993,1375,1233,1006,819,854,670,4395,766
blue,154,994,1375,1233,1006,819,853,670,4393,766
blue,153,994,1375,1233,1007,820,854,670,4391,766
blue,154,994,1375,1234,1007,819,854,669,4392,766
blue,153,994,1374,1233,1006,819,853,670,4392,766
blue,153,994,1374,1233,1006,819,853,670,4392,766
blue,153,993,1375,1234,1006,820,854,670,4393,766
blue,153,993,1374,1233,1006,820,854,670,4393,766
blue,154,994,1374,1233,1006,819,854,670,4393,766
blue,153,994,1374,1233,1006,819,853,670,4394,766
blue,153,993,1374,1233,1006,819,854,670,4393,766
blue,153,993,1375,1234,1006,819,853,671,4393,766
blue,154,994,1375,1232,1005,819,853,670,4393,766
blue,154,994,1374,1233,1007,819,854,670,4392,766
blue,153,994,1375,1234,1007,819,853,670,4392,766
blue,153,994,1374,1234,1006,819,853,670,4394,766
blue,154,994,1374,1233,1006,819,853,671,4393,766
blue,153,993,1374,1233,1006,819,854,670,4393,766
blue,153,994,1375,1233,1005,819,853,670,4392,766
blue,153,993,1375,1233,1006,819,854,670,4394,766
blue,153,994,1375,1234,1007,819,854,670,4392,766
blue,154,994,1374,1233,1006,819,853,670,4391,766
blue,153,992,1375,1232,1006,820,853,670,4393,766
blue,153,993,1374,1233,1005,819,853,669,4389,766
blue,152,993,1374,1232,1006,819,854,670,4392,766
blue,154,993,1374,1233,1007,819,853,670,4391,766
blue,153,994,1374,1233,1005,819,853,670,4392,766
blue,154,993,1374,1233,1006,819,854,669,4391,766
blue,153,993,1373,1233,1005,819,852,670,4390,766
blue,153,993,1374,1232,1006,819,853,669,4390,764
blue,153,993,1373,1232,1004,818,852,669,4387,764
red,123,284,401,385,513,1032,1486,1137,3013,776
red,122,284,401,385,513,1032,1486,1136,3012,774
red,122,284,402,385,514,1031,1485,1136,3013,776
red,122,284,401,385,513,1030,1483,1136,3012,778
red,122,284,401,385,512,1031,1484,1137,3012,778
red,122,284,401,384,512,1030,1483,1136,3012,780
red,123,284,401,385,512,1030,1483,1136,3014,780
red,122,284,401,385,512,1029,1480,1133,3009,779
red,122,283,400,384,512,1027,1479,1131,3004,778
red,122,283,400,384,511,1029,1479,1131,3004,776
red,122,283,400,384,511,1028,1479,1131,3004,778
red,122,283,400,384,512,1028,1479,1132,3005,776
red,122,283,400,384,511,1028,1479,1131,3005,776
red,122,283,401,384,512,1028,1480,1132,3006,778
red,122,283,400,384,511,1028,1481,1132,3007,778
red,122,283,401,384,512,1028,1480,1132,3007,778
red,122,283,401,384,512,1028,1481,1132,3009,780
red,122,284,400,385,511,1027,1480,1133,3006,779
red,121,283,401,384,512,1029,1479,1133,3007,780
red,122,284,400,384,511,1028,1479,1133,3009,780
red,122,284,401,384,512,1028,1481,1132,3009,780
red,121,284,401,384,512,1029,1480,1133,3008,780
red,122,284,401,384,512,1029,1480,1133,3009,780
red,122,283,401,384,512,1029,1480,1133,3008,780
red,121,284,401,384,512,1029,1482,1133,3008,778
red,122,284,401,385,513,1029,1481,1134,3011,780
red,123,284,401,385,512,1030,1482,1135,3011,782
red,123,284,401,385,513,1030,1483,1135,3013,782
red,122,284,401,385,513,1031,1484,1136,3013,780
red,122,284,401,386,514,1032,1485,1136,3012,778
red,123,284,401,385,514,1031,1486,1137,3016,776
red,122,284,402,386,514,1033,1487,1137,3015,776
red,123,285,402,386,514,1033,1487,1137,3015,774
red,123,285,402,386,514,1032,1487,1137,3013,773
red,122,284,402,386,514,1032,1487,1136,3012,772
red,122,284,402,386,515,1034,1488,1137,3015,772
red,123,284,402,386,514,1033,1487,1136,3013,772
red,123,284,402,386,514,1033,1487,1136,3012,772
red,123,284,402,386,515,1033,1487,1136,3014,772
red,123,284,402,386,514,1032,1487,1135,3011,770
red,122,284,402,385,514,1032,1485,1135,3009,770
red,123,284,401,385,514,1032,1485,1135,3010,770
red,122,284,401,385,513,1032,1485,1135,3008,770
red,122,284,401,385,514,1032,1485,1136,3009,768
red,122,284,401,385,513,1031,1485,1135,3006,770
red,123,284,401,385,513,1032,1484,1135,3007,768
red,122,284,401,385,513,1031,1484,1135,3007,768
red,122,284,401,386,513,1032,1485,1136,3007,770
red,122,283,401,385,513,1031,1485,1135,3007,770
red,122,284,401,385,513,1032,1485,1135,3008,770
red,123,284,402,385,513,1031,1484,1135,3007,770
red,122,284,401,385,513,1030,1484,1134,3005,768
red,122,284,401,385,513,1031,1484,1135,3005,768
red,122,284,401,385,513,1031,1483,1133,3006,768
red,122,284,401,385,513,1031,1484,1134,3004,768
red,122,284,401,385,513,1031,1484,1134,3006,768
red,122,283,401,385,513,1030,1484,1134,3005,768
red,122,284,401,385,513,1031,1484,1134,3006,768
red,122,284,401,385,513,1031,1485,1134,3007,770
red,122,284,402,385,513,1032,1485,1136,3008,768
red,122,284,401,385,514,1030,1485,1136,3007,770
red,122,284,401,385,513,1031,1485,1135,3007,770
red,122,284,401,385,513,1031,1485,1135,3009,770
red,122,284,401,385,513,1032,1485,1135,3008,770
red,122,284,401,385,513,1032,1486,1136,3008,770
red,122,284,401,385,513,1031,1485,1134,3007,770
red,122,284,402,385,513,1030,1485,1135,3006,768
red,122,284,401,385,513,1031,1485,1134,3007,768
red,122,284,401,385,513,1030,1483,1135,3004,768
red,121,284,401,385,513,1031,1484,1134,3005,768
red,122,284,401,385,514,1030,1484,1134,3005,768
red,122,284,401,385,513,1031,1484,1134,3005,768
red,122,284,401,385,513,1030,1484,1134,3004,768
red,122,284,401,385,512,1030,1483,1134,3005,768
red,122,284,401,385,513,1031,1483,1134,3003,768
red,122,283,401,385,512,1030,1482,1133,3001,766
red,122,284,401,384,512,1029,1483,1132,2999,764
red,122,283,400,384,512,1029,1482,1132,2997,764
red,122,284,400,384,513,1030,1482,1131,2997,764
red,122,283,401,384,512,1030,1481,1131,2999,764
red,122,284,400,384,512,1029,1482,1132,2998,764
red,122,283,401,385,513,1030,1484,1133,3001,766
red,122,283,401,384,512,1030,1484,1132,3003,766
red,122,283,401,384,513,1030,1483,1133,3002,766
red,122,283,401,384,513,1030,1484,1134,3003,766
red,122,283,401,385,512,1031,1483,1134,3003,766
red,122,284,400,385,512,1031,1485,1133,3005,766
red,122,284,401,385,513,1032,1485,1134,3006,768
red,122,284,401,385,513,1032,1486,1135,3007,770
red,123,284,401,385,514,1031,1485,1135,3008,770
red,122,284,402,385,514,1032,1486,1136,3009,770
red,122,284,402,385,513,1032,1485,1136,3008,770
red,122,284,402,385,514,1032,1485,1136,3006,770
red,123,284,401,385,513,1031,1485,1135,3007,768
red,122,284,401,385,513,1031,1484,1134,3003,768
red,122,284,401,385,513,1032,1485,1134,3004,768
red,122,284,401,385,513,1031,1482,1133,3001,766
red,122,284,401,385,513,1031,1483,1133,3000,768
red,122,284,401,385,512,1030,1482,1133,2999,766
red,122,283,401,384,512,1029,1482,1132,2997,766
orange,201,460,769,1136,1700,2649,2469,1546,6432,1032
orange,201,460,769,1135,1700,2649,2469,1544,6432,1030
orange,201,461,769,1135,1700,2649,2468,1545,6430,1032
orange,201,461,769,1136,1700,2649,2470,1544,6433,1032
orange,201,461,769,1136,1702,2652,2472,1546,6439,1032
orange,201,461,770,1136,1704,2655,2475,1547,6443,1033
orange,201,461,770,1138,1703,2656,2475,1548,6446,1034
orange,202,462,771,1138,1704,2657,2475,1549,6449,1036
orange,202,461,771,1139,1705,2657,2477,1548,6451,1037
orange,202,461,771,1139,1705,2657,2476,1550,6450,1036
orange,202,462,771,1140,1705,2659,2477,1551,6456,1038
orange,202,461,772,1139,1705,2658,2478,1551,6454,1038
orange,202,462,772,1140,1705,2658,2478,1552,6455,1038
orange,202,462,772,1139,1706,2658,2481,1552,6457,1040
orange,202,462,772,1140,1707,2661,2480,1551,6458,1042
orange,202,462,772,1140,1707,2660,2480,1552,6459,1042
orange,202,463,772,1140,1708,2662,2480,1553,6461,1042
orange,203,462,772,1140,1707,2661,2479,1551,6460,1040
orange,202,462,772,1141,1707,2660,2479,1552,6459,1040
orange,202,463,772,1140,1707,2661,2479,1551,6460,1040
orange,202,462,772,1140,1708,2661,2480,1553,6462,1042
orange,202,462,772,1140,1707,2661,2481,1552,6461,1042
orange,202,462,772,1140,1707,2660,2478,1552,6460,1040
orange,202,463,772,1141,1707,2659,2478,1552,6457,1040
orange,202,462,772,1140,1706,2660,2480,1552,6456,1040
orange,202,462,771,1140,1705,2659,2478,1551,6459,1040
orange,203,462,772,1140,1707,2659,2479,1551,6460,1040
orange,202,463,772,1140,1706,2659,2476,1550,6455,1040
orange,202,462,772,1140,1706,2658,2478,1552,6458,1042
orange,202,462,772,1139,1706,2659,2478,1552,6459,1041
orange,202,463,772,1140,1707,2660,2480,1552,6461,1040
orange,203,462,772,1140,1707,2659,2479,1551,6460,1040
orange,202,462,772,1140,1706,2659,2479,1552,6459,1040
orange,202,462,772,1140,1706,2660,2478,1552,6455,1040
orange,202,462,771,1139,1707,2659,2479,1552,6458,1040
orange,202,462,772,1140,1706,2661,2480,1551,6460,1040
orange,202,463,772,1140,1707,2661,2479,1551,6458,1042
orange,202,462,772,1140,1707,2660,2480,1552,6461,1040
orange,202,462,772,1140,1707,2659,2479,1552,6462,1040
orange,202,462,772,1140,1707,2659,2478,1552,6458,1040
orange,202,463,772,1140,1707,2660,2479,1551,6457,1040
orange,202,462,772,1140,1707,2661,2480,1552,6459,1040
orange,202,462,772,1140,1706,2661,2480,1552,6462,1041
orange,202,463,772,1141,1707,2660,2479,1551,6461,1041
orange,202,462,772,1140,1707,2661,2479,1551,6460,1040
orange,202,462,771,1140,1707,2660,2479,1552,6460,1040
orange,202,463,772,1140,1707,2659,2479,1551,6458,1040
orange,202,462,772,1140,1707,2659,2479,1551,6457,1042
orange,202,463,772,1141,1707,2660,2480,1553,6459,1040
orange,202,462,772,1140,1707,2661,2479,1551,6460,1040
orange,202,462,772,1140,1707,2660,2480,1552,6460,1042
orange,202,462,772,1140,1707,2661,2479,1552,6462,1042
orange,203,463,772,1140,1707,2660,2480,1553,6461,1040
orange,202,463,772,1141,1707,2660,2482,1551,6463,1042
orange,202,462,772,1140,1707,2661,2480,1552,6463,1042
orange,202,462,772,1140,1708,2659,2479,1552,6460,1042
orange,202,463,772,1140,1706,2658,2478,1550,6460,1040
orange,202,461,771,1139,1706,2659,2477,1552,6456,1040
orange,202,462,771,1140,1706,2659,2479,1550,6454,1040
orange,202,462,772,1140,1706,2658,2477,1552,6457,1042
orange,202,462,772,1140,1706,2659,2478,1551,6457,1040
orange,202,462,772,1140,1705,2659,2477,1550,6457,1040
orange,202,462,771,1139,1706,2657,2477,1552,6456,1040
orange,202,462,772,1139,1705,2659,2477,1551,6456,1040
orange,202,462,772,1139,1706,2659,2477,1551,6455,1039
orange,202,462,772,1139,1705,2658,2477,1551,6455,1039
orange,202,462,771,1139,1706,2659,2476,1552,6456,1040
orange,202,462,771,1140,1706,2659,2479,1550,6455,1038
orange,202,462,772,1140,1706,2658,2478,1551,6458,1040
orange,202,462,772,1140,1707,2660,2478,1551,6459,1040
orange,203,463,772,1140,1708,2661,2480,1552,6463,1042
orange,203,463,772,1140,1707,2659,2478,1550,6459,1041
orange,202,462,772,1140,1706,2659,2479,1551,6458,1040
orange,202,463,771,1140,1706,2659,2478,1552,6458,1040
orange,202,462,771,1139,1706,2659,2479,1552,6460,1040
orange,202,462,772,1140,1706,2659,2478,1553,6459,1040
orange,202,462,771,1140,1707,2659,2480,1551,6456,1042
orange,202,461,772,1140,1706,2660,2480,1552,6461,1040
orange,202,463,772,1141,1707,2661,2480,1552,6461,1042
orange,202,462,771,1140,1707,2659,2480,1551,6460,1040
orange,202,462,772,1140,1705,2660,2478,1553,6460,1040
orange,202,462,771,1141,1707,2660,2481,1552,6458,1040
orange,202,462,771,1139,1706,2659,2478,1552,6457,1040
orange,202,461,772,1140,1707,2659,2479,1552,6461,1040
orange,202,462,772,1140,1705,2659,2480,1551,6460,1040
orange,202,462,771,1139,1706,2658,2479,1552,6455,1040
orange,202,462,772,1140,1707,2659,2480,1551,6459,1042
orange,202,462,771,1141,1706,2660,2477,1551,6456,1040
orange,202,462,772,1140,1706,2658,2477,1551,6455,1040
orange,202,462,771,1139,1705,2657,2478,1550,6453,1040
orange,202,462,771,1139,1705,2655,2477,1549,6452,1038
orange,202,462,771,1139,1705,2657,2478,1550,6453,1038
orange,202,461,772,1139,1705,2658,2475,1551,6453,1038
orange,202,460,772,1139,1705,2658,2475,1550,6451,1038
orange,202,462,771,1139,1704,2657,2476,1550,6453,1038
orange,202,461,772,1139,1705,2657,2477,1549,6451,1038
orange,202,461,771,1140,1705,2658,2477,1550,6455,1038
orange,202,462,771,1139,1705,2658,2477,1551,6456,1040
orange,202,462,771,1139,1705,2659,2478,1551,6456,1040
orange,202,462,771,1140,1706,2658,2478,1551,6458,1040
red,127,292,406,384,521,1098,1640,1253,3268,794
red,127,292,406,384,521,1097,1640,1252,3267,794
red,127,291,407,384,521,1097,1640,1252,3266,794
red,127,292,406,384,521,1097,1640,1252,3265,792
red,127,291,405,384,521,1097,1638,1252,3264,790
red,127,291,406,384,521,1096,1638,1251,3262,789
red,127,291,406,384,520,1096,1638,1249,3257,786
red,127,291,405,383,520,1095,1636,1248,3254,784
red,126,291,404,383,519,1094,1635,1247,3250,782
red,126,291,405,382,518,1093,1634,1244,3244,778
red,126,290,404,382,518,1092,1632,1243,3241,776
red,126,290,405,382,517,1091,1630,1241,3232,772
red,126,290,404,381,517,1091,1630,1240,3229,768
red,125,289,403,381,517,1090,1628,1239,3225,766
red,125,289,403,380,517,1090,1627,1238,3221,764
red,125,289,403,380,516,1089,1627,1237,3220,762
red,125,289,402,380,516,1089,1626,1236,3218,762
red,124,289,403,380,516,1089,1625,1237,3219,762
red,125,289,403,380,516,1088,1626,1237,3219,762
red,125,289,403,380,516,1089,1626,1236,3220,762
red,125,289,403,380,516,1090,1626,1237,3219,762
red,125,289,403,380,516,1088,1626,1236,3218,762
red,125,289,403,380,516,1089,1626,1237,3219,762
red,125,289,403,380,516,1089,1627,1237,3222,764
red,125,289,403,381,517,1090,1628,1239,3226,768
red,125,289,403,381,517,1091,1631,1241,3234,772
red,126,290,404,382,518,1092,1633,1243,3242,778
red,126,290,404,382,519,1094,1635,1246,3249,781
red,127,290,405,383,519,1094,1635,1248,3252,784
red,127,291,406,383,519,1095,1637,1249,3256,786
red,127,291,405,383,520,1095,1637,1250,3259,786
red,127,291,405,384,520,1096,1638,1250,3259,788
red,127,291,406,384,521,1097,1640,1253,3267,792
red,127,292,406,384,522,1097,1640,1253,3267,794
red,126,292,406,384,521,1097,1639,1253,3270,796
red,127,292,406,384,521,1097,1639,1252,3268,796
red,127,292,406,384,521,1096,1639,1252,3267,796
red,127,291,407,384,520,1096,1639,1250,3267,794
red,126,291,406,383,520,1096,1637,1249,3263,792
red,126,291,406,383,519,1094,1636,1249,3260,792
red,127,291,405,383,519,1095,1636,1247,3257,788
red,126,291,405,383,519,1093,1633,1245,3254,788
red,126,290,405,382,518,1093,1633,1244,3253,786
red,126,290,404,382,518,1093,1633,1244,3252,786
red,126,290,404,382,518,1093,1632,1245,3250,788
red,126,290,404,382,518,1092,1632,1245,3249,786
red,125,290,404,382,517,1092,1631,1244,3250,786
red,126,290,404,382,518,1092,1633,1244,3248,782
red,126,290,404,381,517,1092,1632,1242,3245,780
red,125,290,404,381,517,1092,1630,1241,3241,778
red,126,290,404,381,517,1091,1631,1241,3239,776
red,126,289,403,381,516,1090,1628,1239,3234,774
red,125,290,403,380,516,1090,1629,1239,3230,772
red,125,289,403,380,516,1089,1626,1237,3228,770
red,125,289,403,380,516,1088,1627,1238,3226,768
red,125,289,403,380,516,1089,1626,1237,3226,768
red,125,288,402,379,515,1089,1626,1237,3223,768
red,125,289,402,380,515,1088,1626,1236,3225,768
red,125,289,402,379,515,1088,1627,1237,3225,768
red,125,289,402,380,516,1089,1626,1237,3226,768
red,125,289,402,380,516,1090,1627,1237,3226,768
red,125,289,402,380,516,1089,1627,1237,3227,770
red,125,288,403,380,516,1089,1626,1237,3227,770
red,125,289,403,380,516,1089,1626,1237,3226,770
red,125,289,403,380,516,1089,1627,1237,3227,770
red,125,289,403,380,516,1089,1628,1238,3228,770
red,125,289,403,380,516,1089,1627,1238,3228,770
red,125,289,403,380,516,1089,1629,1238,3230,772
red,125,289,403,380,516,1090,1627,1239,3231,772
red,125,289,403,380,516,1090,1628,1238,3230,772
red,125,289,403,380,516,1089,1627,1238,3227,770
red,125,288,403,380,515,1089,1627,1237,3228,769
red,125,289,403,380,516,1089,1627,1237,3229,770
red,125,289,403,380,516,1089,1628,1238,3229,770
red,125,289,402,380,516,1090,1628,1237,3229,770
red,125,289,403,380,516,1090,1628,1236,3227,770
red,125,289,403,380,515,1089,1627,1237,3226,768
red,125,289,403,380,516,1089,1626,1236,3225,768
red,125,289,403,380,515,1089,1626,1236,3225,768
red,125,288,402,380,515,1088,1626,1236,3224,768
red,125,289,403,379,516,1089,1626,1236,3226,768
red,125,289,403,380,515,1089,1626,1236,3225,768
red,125,289,403,380,516,1088,1626,1236,3225,768
red,125,289,403,380,516,1089,1626,1236,3225,769
red,125,289,402,380,515,1089,1626,1236,3226,770
red,125,289,403,379,516,1089,1625,1236,3226,770
red,125,289,403,380,516,1088,1625,1236,3225,770
red,125,288,402,380,515,1088,1624,1236,3224,768
red,125,289,402,380,516,1089,1625,1236,3225,768
red,125,289,403,380,515,1089,1625,1235,3223,768
red,124,288,402,379,515,1088,1625,1235,3224,768
red,125,289,403,379,515,1088,1625,1235,3224,768
red,125,289,402,379,514,1088,1624,1235,3222,768
red,124,289,402,379,515,1088,1625,1235,3224,768
red,125,289,402,380,515,1088,1625,1235,3223,768
red,125,289,402,380,515,1089,1625,1235,3224,768
red,125,288,402,380,515,1088,1625,1235,3224,768
red,125,289,402,380,515,1088,1625,1235,3224,768
red,125,288,403,380,515,1087,1624,1234,3222,768
red,125,288,402,380,515,1088,1625,1235,3223,768
red,125,286,402,380,514,1084,1634,1250,3283,785
red,125,287,402,380,514,1082,1633,1249,3282,786
red,125,287,402,380,514,1083,1634,1250,3282,786
red,125,287,402,379,514,1082,1633,1250,3284,786
red,125,286,402,380,514,1082,1633,1251,3283,786
red,125,287,402,380,514,1083,1634,1251,3285,786
red,125,286,402,380,514,1083,1633,1251,3284,786
red,125,287,402,380,514,1084,1634,1252,3286,788
red,125,287,402,380,515,1085,1636,1254,3291,790
red,126,287,403,381,514,1084,1635,1253,3291,790
red,125,287,402,381,515,1086,1638,1252,3292,788
red,125,288,403,381,515,1085,1633,1250,3284,786
red,126,287,403,381,516,1086,1637,1253,3291,788
red,125,288,403,382,516,1086,1637,1253,3291,788
red,126,288,404,382,517,1087,1638,1255,3297,790
red,126,288,404,382,517,1087,1638,1255,3295,790
red,126,288,404,383,517,1087,1638,1254,3293,790
red,126,288,404,383,518,1087,1638,1255,3297,792
red,126,288,404,383,517,1087,1639,1255,3298,790
red,125,288,404,383,518,1087,1639,1255,3297,792
red,126,288,405,384,518,1088,1640,1256,3300,792
red,125,288,405,384,518,1088,1640,1256,3299,792
red,126,288,404,383,518,1088,1639,1256,3299,792
red,126,288,404,383,518,1089,1640,1256,3299,792
red,127,288,404,384,518,1089,1641,1257,3302,792
red,126,289,405,384,518,1089,1641,1257,3304,792
red,126,289,404,384,518,1090,1642,1258,3304,792
red,127,289,404,384,519,1090,1643,1257,3304,790
red,126,289,405,383,519,1090,1642,1258,3303,790
red,127,289,405,384,519,1090,1643,1258,3305,792
red,127,289,405,384,519,1090,1643,1258,3304,792
red,127,289,405,384,519,1091,1642,1258,3304,792
red,127,289,405,384,519,1090,1643,1257,3302,792
red,127,289,405,384,519,1090,1643,1259,3304,792
red,127,290,404,384,519,1091,1641,1258,3303,791
red,127,289,405,384,519,1090,1642,1258,3302,790
red,127,289,405,384,519,1090,1642,1258,3303,790
red,127,289,405,384,519,1090,1642,1258,3304,790
red,127,289,405,384,519,1090,1642,1258,3303,790
red,127,289,405,384,519,1090,1643,1258,3303,792
red,127,289,405,384,519,1090,1642,1258,3303,792
red,127,289,405,384,519,1090,1641,1259,3302,792
red,126,289,405,384,519,1090,1641,1258,3302,792
red,126,289,405,384,519,1090,1642,1257,3302,790
red,127,289,405,384,519,1090,1641,1258,3300,790
red,126,289,405,384,519,1089,1641,1257,3301,790
red,127,289,405,384,519,1090,1641,1257,3302,792
red,127,289,405,384,519,1090,1642,1258,3303,792
red,127,289,405,384,518,1089,1642,1258,3301,792
red,127,289,405,384,519,1090,1642,1258,3302,792
red,127,289,405,384,519,1090,1643,1258,3304,792
red,127,289,405,384,518,1091,1642,1257,3303,790
red,126,289,405,384,518,1089,1642,1257,3304,792
red,126,289,405,384,519,1089,1642,1258,3305,792
red,126,289,405,384,518,1090,1642,1257,3303,792
red,127,289,405,385,518,1089,1641,1258,3303,792
red,127,289,405,384,518,1089,1642,1257,3303,792
red,126,289,405,384,518,1089,1641,1257,3302,792
red,127,288,405,384,519,1090,1641,1258,3302,792
red,127,289,405,384,519,1090,1641,1257,3303,792
red,127,289,405,384,518,1090,1641,1257,3302,792
red,126,289,405,384,519,1090,1641,1257,3303,792
red,127,289,405,384,519,1090,1642,1258,3305,792
red,127,289,405,384,519,1090,1642,1258,3304,793
red,126,289,405,384,518,1090,1641,1258,3303,793
red,126,289,405,384,519,1090,1642,1258,3304,792
red,126,289,405,384,519,1090,1641,1258,3303,792
red,127,289,405,384,519,1090,1642,1258,3304,794
red,127,289,405,384,519,1090,1641,1258,3303,792
red,127,289,405,384,518,1090,1642,1257,3303,792
red,126,289,405,384,519,1089,1641,1258,3304,792
red,127,289,404,384,519,1090,1642,1258,3304,792
red,127,289,405,384,519,1089,1641,1258,3303,792
red,126,289,405,384,519,1090,1643,1258,3305,794
red,127,289,405,384,519,1090,1641,1258,3304,792
red,127,289,405,384,518,1089,1642,1258,3303,792
red,127,289,405,384,519,1090,1641,1256,3303,792
red,127,289,405,384,518,1090,1642,1257,3304,792
red,126,288,404,384,518,1090,1641,1256,3303,792
red,126,289,405,384,518,1089,1642,1257,3301,791
red,126,289,405,383,518,1089,1641,1256,3300,790
red,126,289,405,383,518,1089,1640,1256,3299,790
red,125,288,404,384,518,1089,1642,1257,3301,792
red,127,288,404,384,518,1089,1640,1256,3300,790
red,125,288,405,383,518,1089,1640,1256,3300,790
red,126,288,404,383,518,1088,1639,1255,3298,790
red,126,288,404,383,518,1088,1640,1255,3297,788
red,126,288,404,383,518,1088,1639,1254,3294,788
red,126,288,404,382,517,1087,1639,1255,3294,788
red,126,289,403,383,518,1087,1638,1254,3293,786
red,126,288,404,383,517,1087,1638,1254,3292,786
red,125,288,404,382,517,1087,1639,1254,3290,786
red,125,288,404,382,517,1087,1638,1254,3291,786
red,126,288,403,382,517,1087,1638,1253,3290,784
red,125,288,404,382,517,1087,1638,1253,3291,784
red,126,288,404,382,517,1087,1638,1254,3291,784
red,126,288,404,382,517,1087,1638,1253,3292,784
red,126,288,404,382,517,1087,1637,1252,3291,786
red,126,288,404,382,517,1087,1639,1253,3291,786
red,125,288,404,383,517,1087,1639,1253,3292,786
